SURNAME,FIRST NAME,GENDER ( m/f/u)
Aapltekin,2,u
Akilandeswari,A,u
Daazdeilarraza,A,
Aji,Ablimit,m
Eshky,Aciel,f
Omuya,Adinoyi,m
Yoon,Aesun,m
Akin,Ahmetafsin,
He,Ai,
Vraaaj,Aljoaa,
Gulila,Altenbek,
Soares,Altigran,m
Aabloo,Alvo,m
Simon,Ancaroxana,f
Hsieh,Anchang,
Chang,Angel,f
Mandya,Angrosh,m
Tran,Anh,m
Wang,Anruo,
Fokkens,Antske,f
Wang,Aobo,m
Zhou,Aoying,m
Younus,Arjumand,f
Chorianopoulou,Arodami,f
Dara,Aswarth,m
Thangthai,Ausdang,m
Sil,Avirup,m
Kim,Ayeong,
Berg,Ayvindraddum,u
Li,Baichuan,m
Ho,Baoquoc,m
Wang,Baoxun,m
Farouk,Bassant,f
Chen,Beechung,
Shi,Bei,f
Yang,Beibei,f
Yankama,Beracah,m
Zhang,Bichuan,
Liu,Bin,m
Wei,Bin,f
Zhang,Bin,m
Bai,Bing,f
Wang,Bingqing,f
Liu,Bingquan,m
Li,Binyang,m
Yang,Bishan,f
Yuan,Bo,m
Zhang,Bo,m
Zhang,Boliang,m
Yi,Bongjun,m
Chen,Bonian,m
Bensiin,Borukhov,
Liao,Boshun,m
Zou,Bowei,m
Guan,Boxuan,m
Xie,Boyi,m
Li,Boyuan,m
Ahn,Byunggyu,m
Lee,Byungjun,m
Lopez,Cacdric,
Dossantos,Cacero,
Sonmez,Cagil,m
Liu,Can,f
Ramakrishnan,Cartic,m
Zhang,Ce,m
Zhang,Chan,m
Hsu,Chanchia,m
Bhagavatula,Chandra,m
Wang,Chang,f
Zhou,Changle,m
Hao,Changling,
Liu,Changsong,m
Kuo,Chanhung,m
Han,Chao,m
Li,Chao,m
Shen,Chao,m
Sun,Chaobo,m
Huang,Chaochao,m
Gui,Chen,m
Lei,Chen,m
Lin,Chen,m
Yu,Chen,f
Ding,Chenchen,m
Jin,Cheng,m
Zeng,Cheng,f
Lin,Chenghua,m
Kuo,Chengju,m
Yang,Chenglun,m
Li,Chengte,m
Zou,Chengtian,m
Wang,Chenguang,m
Lee,Chengwei,m
Sun,Chengwei,m
Liu,Chengxiang,m
Zhang,Chengzhi,m
Chen,Chenhua,f
Chu,Chenhui,m
Wu,Chenming,m
Xiong,Chenyan,m
Wu,Chenyuan,m
Leung,Cheungchi,
Kuo,Cheyu,m
Wang,Chi,m
Chang,Chiahui,f
Chen,Chiaping,m
Chou,Chiaru,
Lee,Chiaying,f
Chen,Chienchin,
Tseng,Chienlin,m
Chou,Chienlung,m
Hsu,Chienyeh,m
Wang,Chienyuan,m
Yu,Chihsin,f
Huang,Chihying,m
Lo,Chikiu,f
Teo,Ching,f
Pan,Chingfen,f
Lin,Chingsheng,m
Wu,Chingyi,m
Chang,Chingyun,f
Tsai,Chiungmin,m
Long,Chong,m
Teng,Chong,m
Wang,Chong,m
Wei,Chongqiang,
Ngo,Chongwah,m
Zhang,Chongyang,m
Lee,Choonkyu,m
Gu,Chuan,m
Wang,Chuanju,f
Lin,Chucheng,m
Sun,Chuentsai,m
Ho,Chukfong,m
Guo,Chun,m
Yen,Chunchao,f
Huang,Chungchi,m
Chungku,Chungku,m
Mao,Chunhong,f
Wu,Chunkai,m
Zhang,Chunliang,m
Wu,Chunlong,m
Hsu,Chunnan,m
Shi,Chunqi,m
Xu,Chunshan,m
Wang,Chunxia,f
Wu,Chunyang,m
Luo,Chunyong,m
Ho,Chunyuan,m
Zhang,Chunyue,m
Lin,Cindyxide,f
Qing,Ciyang,m
Lin,Congkai,m
Zhang,Congle,m
Xia,Congling,m
Huang,Congrui,f
Cai,Congxing,m
Jian,Cui,m
Kim,Daejoong,m
Xu,Daguang,m
Nguyen,Daiquoc,m
Wang,Daling,
Chen,Danqi,f
Zeng,Daojian,m
Song,Dawei,m
Dong,Daxiang,m
Jiang,Daxin,m
Dai,Decheng,m
Li,Decong,m
Gao,Dehong,m
Zhao,Deli,m
Erdogmus,Deniz,m
Tong,Deqin,f
Li,Deqing,m
Chen,Desai,m
Chen,Di,f
Wang,Di,m
Zhu,Dingju,m
Yang,Diyi,f
Choe,Dokook,m
Wang,Dong,m
Li,Dongchen,m
Kim,Dongho,m
Han,Dongli,m
Wang,Dongliang,m
Yi,Dongmook,m
Yang,Dongqing,f
Zhu,Dongqing,m
Han,Dongxu,m
Zhao,Dongyan,f
Kim,Doosoon,m
Putthividhya,Duangmanee,f
Deng,Dun,m
Ding,Duo,m
Zhang,Duo,m
Tang,Duyu,m
Cadag,Eithon,m
Chng,Engsiong,m
Manguilimotan,Erlyn,f
Gao,Eshleyhuini,
Refaee,Eshrag,f
Ha,Eun,f
Cho,Eunah,f
Choi,Eunsol,f
Ha,Euny,
Bu,Fan,
Fengxiang,Fan,m
Long,Fan,m
Wu,Fan,m
Zhang,Fan,m
Meng,Fandong,m
Li,Fang,m
Zhang,Fangxi,f
Pei,Fei,u
Song,Fei,m
Tian,Fei,f
Wu,Fei,m
Yan,Fei,m
Zhu,Feida,m
Zhai,Feifei,m
Zhao,Feipeng,m
Hu,Feiyan,m
Zhang,Fen,m
Ji,Feng,m
Niu,Feng,m
Liu,Fenghsi,m
Faili,Feshaam,
Blain,Fracdacric,m
You,Gaewon,m
Bjaprn,Gamback,m
Ou,Gaoyan,m
Xu,Ge,f
Rooyen,Gjvan,
Isguder,Gozdegul,f
Xu,Gu,m
Huang,Guancheng,m
Wang,Guanchun,m
Qiu,Guang,
Xiang,Guang,
Tang,Guangchao,
Zhou,Guangyou,m
Zhang,Guchun,m
Haisha,Gulizhada,
Qi,Guojun,m
Hu,Guoping,m
Ben,Guosheng,m
Davila,Hactor,
Sanabila,Hadaiq,
Zhuge,Hai,m
Wu,Haibing,m
Ding,Haibo,m
Li,Haibo,m
Hu,Haifeng,m
Liu,Haijing,f
Cao,Hailong,m
Zhao,Hainan,m
Chen,Haiqiang,m
Liu,Haitao,m
Yu,Haitao,m
Wei,Haitian,m
Yang,Haitong,
Wu,Haiyang,m
Wudabala,Han,
Ren,Hang,m
Li,Hanjing,f
Dai,Hanjun,m
Wang,Hanshi,m
Shi,Hanxiao,
Chen,Hanyang,
Li,Hao,m
Wang,Hao,m
Wu,Haocheng,m
Hang,Haojie,m
Yu,Haonan,m
Hui,Haotian,m
Jang,Hayeon,f
He,He,
Li,He,m
Park,Heekyong,f
Chae,Heemoon,
Lee,Heeyoung,m
Shou,Heming,m
Yu,Heng,f
Xiang,Hengheng,
Huang,Henhsen,
Provost,Hervac,
Faili,Heshaam,m
Park,Heum,m
Huang,Heyan,f
Lee,Hochang,m
Sun,Hong,m
Yan,Hong,m
Zhang,Hongbin,m
Chen,Hongbo,m
Lin,Hongfei,m
Yan,Hongfei,m
Zou,Hongjian,
Chen,Hongliang,m
Yu,Hongliang,m
Zhao,Hongmei,f
Wang,Hongning,m
Kwon,Hongseok,m
Chen,Hongshen,m
Seo,Hongsuck,
Liu,Hongxiao,
Song,Hongyan,m
Zan,Hongying,
Guo,Hongyu,m
Huang,Hongzhao,m
Hsu,Hsiangling,
Shih,Hsiumin,f
Chiu,Hsunwen,f
He,Hua,m
Yang,Huahai,m
Dong,Huailin,
Chen,Huan,f
Liu,Huan,m
Liu,Huanhuan,f
Chen,Huanyuan,m
Li,Huayi,f
Li,Hui,m
Liang,Hui,m
Lin,Hui,m
Shen,Hui,m
Yu,Hui,m
Xue,Huichao,m
Liu,Huidan,m
Jin,Huidong,m
Wang,Huilin,f
Zhou,Huiwei,m
Jiang,Huixing,f
Li,Huiying,f
Yan,Huiying,f
Hsieh,Hungting,f
Li,Huying,f
Hong,Hwajung,f
Yu,Hwanjo,m
Na,Hwidong,m
Jang,Hyeju,f
Choi,Hyeongah,f
Seo,Hyeongwon,m
Ku,Hyeonseo,m
Song,Hyunje,m
Kim,Hyunki,m
Korzen,Iorn,m
Arka,Iwayan,m
Ramanand,J,m
Cassell,Jackie,f
Choi,Jaedeugchoi,
Kim,Jaehoon,m
Song,Jaeyoung,f
Kim,Jeeeun,f
Bloem,Jelke,m
Appell,Jense,f
Son,Jeongwoo,m
Kang,Jeonhyung,m
Li,Jia,f
Wang,Jia,f
Yu,Jia,f
Yuan,Jiahong,
Zhou,Jiaji,m
Gao,Jian,m
Wu,Jian,m
Xu,Jian,m
Yang,Jian,m
Yang,Jianbo,m
Chen,Jianfu,m
Bian,Jiang,m
Guo,Jiang,m
Yang,Jiang,f
Zhao,Jiang,f
Yu,Jiangde,
Feng,Jianlin,m
Dai,Jianmin,m
Fan,Jianping,m
Shen,Jianping,m
Li,Jianri,m
Li,Jianrong,f
Leng,Jianwei,m
Zhang,Jianwen,m
Yu,Jianxing,m
Zheng,Jiaping,m
Han,Jiawei,m
Zhao,Jiayi,f
Zhou,Jiayu,m
Zhang,Jiayue,f
Cai,Jie,f
Hao,Jie,f
Jiang,Jie,f
Liu,Jie,f
Yin,Jie,f
Hsiang,Jieh,m
Zheng,Jiehan,m
Lee,Jieun,f
Liang,Jiguang,
Li,Jihong,m
Kang,Jihua,
Tian,Jilei,m
Li,Jiming,m
Matsuoka,Jin,
Qian,Jin,m
Na,Jincheon,
He,Jing,f
Su,Jing,f
Sun,Jing,m
Liu,Jingchen,m
Li,Jingjing,f
Wang,Jingqi,f
Cai,Jingsheng,
Wang,Jingtao,m
Zhang,Jingwei,m
Lin,Jingxia,m
Wang,Jingyi,f
Zhang,Jingyi,f
Kim,Jinhan,m
Sohn,Jinho,m
Choi,Jinhod,
Zhou,Jinlong,m
Wang,Jinpeng,m
Su,Jinsong,m
Choi,Jinwook,m
Hong,Jisup,m
Li,Jiwei,m
Yu,Jiye,m
Wu,Jiyuan,m
Ga3Mez,Jonander,
Lee,Jonggun,m
Kim,Joohyun,f
Kim,Jookyung,m
Park,Joonsuk,m
Zhang,Joyying,m
Weng,Juiyu,f
Hong,Jun,b
Liu,Jun,b
Lu,Jun,b
Xie,Jun,b
Xu,Jun,b
Yan,Jun,b
Zhu,Jun,b
Song,Junehwa,m
Guo,Junfei,m
Lee,Jungmee,f
Lee,Jungsu,m
Zhu,Junguo,f
Zhang,Junhui,m
Cheng,Junjun,m
Xu,Junming,m
Ng,Junping,m
Xie,Junqing,m
Kang,Junseok,m
Yu,Juntao,f
Bao,Junwei,m
Chen,Junwen,m
Duan,Junwen,
Xing,Junwen,m
Zeng,Junyu,
Lee,Juwon,m
Kang,Juyeon,f
Fan,Kai,m
Hong,Kai,m
Liu,Kai,m
Song,Kai,m
Sun,Kai,m
Wang,Kai,m
Wei,Kai,m
Chang,Kaichun,m
Zhang,Kaixu,m
Chow,Kampui,m
Li,Kangxi,
Xu,Ke,m
Zhai,Ke,m
Kim,Keeeung,m
Chen,Keke,m
Park,Keunchan,m
Rohanimanesh,Khash,m
Jautze,Kim,f
Pham,Kim,f
Schouten,Kim,m
Gvr,Kiran,m
Cho,Kit,m
Jaidka,Kokil,f
Li,Kuan,m
Chen,Kuanyu,m
Lee,Kueiching,
Chang,Kuiyu,m
Wang,Kun,f
Ladislav,Kunc,m
Zhang,Kunpeng,m
Tsai,Kunyu,m
Prasad,Kvs,m
Jun,Kwangsung,m
Sheykhesmaili,Kyumars,m
Cho,Kyunghyun,m
Lee,Kyusong,m
Dupuch,Laatitia,
Poddar,Lahari,f
Nie,Lan,f
Zhou,Lanjun,f
Soon,Layki,
Liu,Le,m
Phuong,Le,f
Zhang,Le,f
Cui,Lei,m
Fang,Lei,m
Li,Lei,m
Lin,Lei,m
Wang,Lei,m
Yao,Lei,m
Zheng,Lei,m
Wang,Letian,m
Cai,Li,b
Chen,Li,b
Deng,Li,b
Dong,Li,b
Gong,Li,b
Guo,Li,b
Jiang,Li,b
Miao,Li,b
Quan,Li,b
Wan,Li,b
Wang,Li,b
Wen,Li,b
Zhao,Li,b
Zhao,Lian,f
Huang,Lianen,
Kong,Liang,m
Sun,Liang,m
Tian,Liang,m
Wang,Liang,m
Zong,Liang,m
He,Liangye,m
Li,Liangyou,m
Chen,Liangyu,m
Lim,Liantze,f
Hou,Libin,f
Fang,Licheng,m
Huang,Lifu,m
Xu,Liheng,f
Yue,Lihua,
Yang,Lijiao,f
Wang,Limin,
Yao,Limin,f
Chen,Lin,f
Gui,Lin,f
Padgham,Lin,f
Yang,Lin,f
Song,Linfeng,m
Deng,Lingjia,f
Kong,Lingpeng,m
Tang,Lingxiang,m
Chen,Liou,f
Chang,Liping,f
Li,Liu,m
Yang,Liu,m
Chen,Liwei,m
Xie,Lixing,m
Liao,Lizi,f
Zhang,Longkai,m
Wang,Longyue,m
Teow,Loonin,m
Chen,Lu,f
Wang,Lu,f
Xiao,Lu,f
Yang,Lu,f
He,Luheng,f
Duan,Manjuan,f
Zheng,Mao,m
Li,Maoxi,
Gamonal,Maucha,f
Alabbas,Maytham,m
Sultan,Md,m
Hsu,Meichun,f
Chen,Meihua,f
Liu,Meijuan,f
Liu,Meijun,f
Dong,Meiping,
Zhang,Meishan,m
Then,Meivern,f
Liao,Meng,f
Sun,Meng,f
Jiang,Menghan,
Shih,Menghsien,
Chen,Miao,f
Fan,Miao,m
Li,Miao,
Chen,Miaohong,
Wen,Miaomiao,
Jiang,Min,
Sun,Min,m
Xiao,Min,b
Yang,Min,
Liu,Ming,b
Sun,Ming,f
Zhang,Ming,b
Tsai,Mingfeng,
Hu,Minghan,
Jiang,Minghu,
Nuo,Minghua,
Qiu,Minghui,
Tian,Mingjun,b
Gao,Mingkun,
Ge,Mingmin,
Wang,Mingwei,b
Tsai,Minhsuan,
Feng,Minwei,
Duan,Miyi,
Chatterjee,Moitreya,b
Lee,Moontae,
Sachan,Mrinmaya,
Zhang,Muyu,
Li,Nan,
Yang,Nan,
Peng,Nanyun,
Nakashole,Ndapandula,
Yu,Nenghai,
Verdezoto,Nervo,
Sun,Ni,
Pourdamghani,Nima,m
Tan,Ning,f
Wang,Ning,f
Yu,Ning,f
Liu,Ningfeng,
Senthamilselvan,Nivvedan,
Niraula,Nobal,b
Jin,Ou,f
Mongkolwat,Pattanasak,
Porkaew,Peerachet,
Porkeaw,Peerachet,
Yang,Pei,
Chen,Peichun,
Jia,Peifa,
Li,Peifeng,b
Wang,Peilu,
Jin,Peiquan,
Cai,Peng,b
Wu,Peng,
Shi,Pengcheng,
Liu,Pengfei,b
Lu,Pengfei,
Nie,Penghai,
Wang,Pengyu,b
Wang,Pidong,
Xu,Ping,f
Xue,Ping,
Yang,Pingche,b
Huang,Pingping,f
Lai,Pohsiang,
Samvelian,Pollet,
Lai,Poting,
Treeratpituk,Pucktada,b
Aliabadi,Purya,m
Xu,Puyang,
Cho,Pyeongwhan,
Karampiperis,Pythagoras,
Han,Qi,m
Li,Qi,m
Mao,Qi,m
Su,Qi,m
Yu,Qi,m
Zhao,Qi,m
Mo,Qian,
Yu,Qian,f
Dong,Qiang,b
Li,Qiang,b
Liu,Qiang,b
Zhou,Qiaoli,
Xiang,Qiaoliang,
Chen,Qiming,b
Diao,Qiming,
Luo,Qiming,b
Song,Qinbao,
Cui,Qing,
Zhang,Qing,b
Chen,Qingcai,
Zheng,Qinghua,b
Cai,Qingqing,f
Zeng,Qingqing,
Liu,Qiu,
Jiang,Qixia,
Wang,Quan,
Koncelkedziorski,R,
Sainudiin,Raazesh,b
Tian,Ran,
Xu,Ran,f
Zhao,Ran,
Trijp,Remi,
Hu,Renfen,
Zhang,Renxian,
Jiang,Ridong,
Chen,Rishan,b
Shen,Rongzhou,
Li,Ru,
Chen,Rueycheng,b
Fang,Rui,f
Sun,Rui,b
Yan,Rui,
Zhang,Rui,
Wang,Ruibo,
Fu,Ruiji,f
Li,Rumeng,
Gao,Ruoyuan,
Basu,Rupayan,m
Milidiu,Ruyluiz,
Mansour,Saab,b
Sudhahar,Saatviga,f
Momtazi,Saeedeh,
Elbeltagy,Samhaar,
Chatterjee,Samidh,
Hung,Sanchuan,
Han,Sangdo,
Lee,Sangjo,b
Sethi,Saratendu,
Eetemadi,Sauleh,b
Kang,Sechun,
Ng,Seekiong,
Lin,Sein,f
Kim,Sejong,b
Tchou,Sengcho,
Ryang,Seonggi,
Moon,Seungwhan,
Hwang,Seungwon,
Kim,Seungyeon,b
Chan,Shanbin,
Zhao,Shang,
Teng,Shanghua,
Luo,Shangyu,b
Wang,Shanshan,f
Xu,Shaobin,b
Zhai,Shaodan,
Zhang,Shaodian,b
Liang,Shaofen,
Yang,Shaohua,
Loaiciga,Sharid,
Xie,Shasha,f
Hu,Shen,
Li,Shen,
Tsai,Shenfu,
Ju,Shengfeng,
Feng,Shi,m
Zhao,Shi,m
Zhi,Shi,m
Lahiri,Shibamouli,
Yang,Shicai,
Wang,Shichang,
Zhou,Shichun,b
Lin,Shihhsiang,
Liu,Shihhung,
Huang,Shihting,
Wu,Shinyi,
Tang,Shiping,
Li,Shiqi,b
Huang,Shiting,
Lu,Shixiang,
Li,Shiyingxue,
Xu,Shize,
He,Shizhu,
Lin,Shoude,
Cai,Shu,
Zhang,Shu,f
Xu,Shuaishuai,
Li,Shuanghong,b
Wu,Shuangzhi,
Zhou,Shuchang,b
Qi,Shuhan,
Wan,Shuhong,
Liu,Shui,f
Huang,Shujian,
Wu,Shumin,
Zhao,Shunan,b
Bai,Shuo,m
Li,Shuo,
Ding,Shuoyang,
Zhou,Shusen,
Lin,Shuyen,
Shen,Shuying,
Li,Si,f
Chin,Sichi,
Wang,Sida,m
Wang,Sidai,
Wu,Siewmei,
Li,Siming,
Cho,Sinhee,
Pan,Sinnojialin,
Lai,Siwei,
Wang,Siwei,
Qiu,Siyu,
Neogi,Snehasis,
Masuko,Soh,
Feng,Song,b
Hua,Song,
Huang,Songfang,
Su,Songqiao,
Eom,Soojeong,f
Hong,Soongill,
Zhu,Su,b
Lin,Suchu,
Kim,Suin,
Wu,Sulin,f
Kim,Sun,
Kim,Sungchul,b
Kim,Sunghwanmac,
Park,Sunghyun,b
Choi,Sungpil,b
Moon,Sungrim,
Lee,Sunyou,
Swayamdipta,Swabha,f
Lufti,Syaheerah,
Wong,Szemengjojo,
Noh,Taegil,
Kim,Taehwan,
Lee,Taesung,
Ahmed,Tafseer,m
Chang,Taiwei,
Baumel,Tal,m
Linzen,Tal,m
Satyapanich,Taneeya,
Chen,Tao,b
Jiang,Tao,b
Lei,Tao,b
Qian,Tao,b
Qin,Tao,b
Wang,Tao,b
Zhuang,Tao,b
Hacene,Taouise,
Chalothorn,Tawunrat,f
Ma,Tengfei,b
Wang,Tengjiao,
Songyot,Theerawat,
Jiang,Tianjian,
Wang,Tianmin,
Zhu,Tiantian,f
Hao,Tianyong,
Xu,Tianyu,m
Liu,Tieyan,
Qian,Tieyun,
Kao,Tinghui,
Li,Tingting,f
Yan,Tingxu,
Wang,Tingxuan,
Liu,Tong,
Wang,Tong,m
Zhang,Tongtao,
Marti,Toni,m
Ku,Tsun,f
Kuo,Tsungting,
Yang,Tzei,
Yen,Tzuhsi,
Bhowan,Urvesh,m
Araaojo,Vator,u
Chenthamarakshan,Vijil,
Sutantayawalee,Vipas,m
Cheng,Vivyingsy,
Lu,Wanchen,
Ling,Wang,
Mao,Wanting,f
Lin,Wanyu,
Zhao,Waynexin,
Heng,Wei,m
Jin,Wei,m
Song,Wei,m
Wei,Wei,m
Wu,Wei,m
Liang,Weibin,
Lin,Weifen,
Huang,Weijie,
Zhao,Weina,f
Lin,Weishih,
Duan,Weisi,
Chen,Weite,
Cheng,Weiwei,m
Meng,Weiyi,
Chan,Wen,f
Li,Wen,f
Zheng,Wen,f
Luo,Wencan,m
Xu,Wenduan,
Feng,Wenhe,m
Su,Wenjie,
Lang,Wenjing,
Zhou,Wenli,
Yin,Wenpeng,m
Lin,Wenpin,f
Hsieh,Wentai,
Wang,Wenting,f
Xiong,Wenting,
Zhang,Wenxiao,
Huang,Wenyi,f
Liu,Wenyin,b
Pei,Wenzhe,b
Xu,Wenzhi,
Park,Woochul,b
Lim,Woosang,b
Zheng,Wu,b
Lu,Xia,f
Zhang,Xia,
Si,Xianbo,
Gao,Xiang,m
Li,Xiang,m
Zhu,Xiang,m
Zhou,Xiangdong,
Wang,Xiangli,
He,Xiangnan,
Zhou,Xiangyang,m
Dai,Xiangying,m
Dai,Xianjun,m
Mao,Xianling,m
Han,Xianpei,m
Zhang,Xiantao,m
Cheng,Xiao,
Ding,Xiao,
Jiang,Xiao,m
Ling,Xiao,f
Liu,Xiao,m
Qin,Xiao,m
Zhou,Xiao,m
Xue,Xiaobing,m
Peng,Xiaochang,m
Zeng,Xiaodong,m
Yang,Xiaofang,
Zhou,Xiaofei,
Huang,Xiaojiang,m
Yuan,Xiaojie,
Li,Xiaojun,m
Quan,Xiaojun,m
Zhang,Xiaojun,m
Li,Xiaoli,m
Li,Xiaoling,f
Sun,Xiaoling,
Li,Xiaolong,m
Pan,Xiaoman,m
Li,Xiaoming,m
Lu,Xiaoming,m
Xu,Xiaoming,m
Ren,Xiaona,
Zhu,Xiaoning,
Sun,Xiaoping,m
Luo,Xiaoqian,
Zheng,Xiaoqing,m
Huang,Xiaoqiu,m
Jiang,Xiaorui,m
Zhang,Xiaotian,m
Ding,Xiaowen,
Fei,Xiaoxu,
Fu,Xiaoyin,f
Chen,Xilun,
Chen,Xin,m
Song,Xin,f
Wu,Xin,
Zhao,Xin,f
Jiang,Xing,m
Shi,Xing,m
Wang,Xing,m
Wu,Xing,m
Xu,Xingjun,
Liao,Xingwei,
Zhu,Xingwei,
Zhang,Xingxing,
Peng,Xingyuan,
Zhou,Xinjie,
Du,Xinkai,
Chen,Xinxiong,
Dong,Xishuang,m
Liu,Xitong,m
Wang,Xuancong,m
,Xuanluongvu,
Yao,Xuchen,m
Zhu,Xuefeng,m
Hu,Xuelei,f
Wang,Xuerui,m
Han,Xufeng,m
Zhao,Xujian,
Zheng,Xun,
Sun,Xuyang,
Wang,Yafang,f
Wang,Yafei,f
Ren,Yafeng,
Hsueh,Yahsin,
Gao,Yahui,m
Lv,Yajuan,
Li,Yali,f
Bai,Yalong,m
Chen,Yan,f
Gao,Yan,f
Liu,Yan,f
Wang,Yan,f
Yu,Yanchao,m
Sim,Yanchuan,m
Li,Yancui,f
Li,Yanen,m
Ding,Yang,m
Gao,Yang,m
Guo,Yang,m
Song,Yang,m
Xiang,Yang,m
Ji,Yangfeng,m
Zhang,Yangsen,m
Ji,Yangsheng,
Feng,Yanhui,m
Seroussi,Yanir,m
Chen,Yanping,f
Chen,Yanqing,
He,Yanqing,m
Shao,Yanqiu,
Li,Yanran,f
Du,Yantao,m
Su,Yanxia,f
Luo,Yanyan,f
Zhao,Yanyan,f
Zheng,Yanzhen,
Li,Yao,m
Wang,Yaqiang,m
Yang,Yaqin,f
Lin,Yating,
Yang,Yating,
Genc,Yegin,
Castaaeda,Yenier,m
Wang,Yenkai,
He,Yeping,
Gong,Yeyun,
Yang,Yezhou,m
Lu,Yi,m
Ma,Yi,m
Mao,Yi,m
Song,Yi,m
Yang,Yi,m
Zheng,Yi,m
Lin,Yibin,m
Cai,Yichao,
Wang,Yichen,
Chen,Yidong,m
Shen,Yidong,m
Liu,Yiguang,
Zhang,Yihao,
Chiu,Yii,
Liu,Yijia,
Tang,Yijie,m
Liu,Yikai,m
Fang,Yimai,
Wang,Yiming,m
Yang,Yinfei,m
Liu,Ying,f
Xu,Ying,f
Yan,Ying,f
Shi,Yingchao,
Zhao,Yinggong,m
Zhang,Yingjie,f
Wang,Yinglin,m
Guo,Yingmei,
Xiao,Yingnan,
Wang,Yingying,f
Kong,Yinhei,
Chang,Yinwen,
Jin,Yiping,
Chen,Yishin,
Yue,Yisong,m
Li,Yitong,f
Wang,Yiwen,f
Li,Yize,
Sun,Yizhou,
Qin,Yong,m
Rui,Yong,m
Zhuang,Yong,m
Jiang,Yongguang,m
Yan,Yonghong,m
Wu,Yonghui,m
Teng,Yonglin,
Chen,Yongzhi,m
Kim,Yoon,m
Jeong,Yoonjae,
Choi,Yoonjung,f
Kim,Youngbum,m
Jung,Youngim,f
Kim,Youngjun,m
Cha,Youngrok,
Chung,Youshan,
Cheng,Yu,f
Hong,Yu,f
Liu,Yu,f
Sawai,Yu,f
Tao,Yu,f
Usami,Yu,f
Wang,Yu,f
Xin,Yu,f
Xu,Yu,f
Zhao,Yu,f
Zhou,Yu,f
Cao,Yuan,f
Chen,Yuan,f
Du,Yuan,f
Ren,Yuan,f
Zhang,Yuan,f
Liu,Yuanchao,m
Zhang,Yuanzhe,m
Chen,Yuanzhupeter,
Chen,Yubo,m
Zhang,Yuchen,
Hu,Yue,f
Lu,Yue,f
Ma,Yue,f
Xu,Yue,f
Wu,Yuehcheng,
Yang,Yuehui,
Tseng,Yuenhsien,
Hu,Yuening,f
Wu,Yuexin,
Guo,Yufan,m
Hou,Yufang,f
Chen,Yufeng,
Guo,Yuhong,f
Chen,Yukun,m
Tzeng,Yulin,
Lai,Yuling,
Chen,Yuncong,
Huang,Yunfeng,f
Jiang,Yunliang,
Yang,Yunlun,
Chen,Yunnung,f
Jia,Yunyi,m
Zhou,Yuping,f
Wu,Yuqian,
Lin,Yuri,
Jiang,Yuru,
Chang,Yuwei,
Jia,Yuxiang,
Huang,Yuyang,
Hsu,Yuyin,f
Liu,Yuzong,m
Zhu,Zede,
Liu,Zengjian,
Zheng,Zeyu,m
Li,Zezhong,
Fangxi,Zhang,m
Guiping,Zhang,f
Ling,Zhang,f
Lin,Zhangxi,m
Jie,Zhanming,
Liu,Zhao,m
Luo,Zhaohui,m
Wu,Zhaohui,m
Ming,Zhaoyan,f
Dong,Zhe,m
Zhang,Zhe,
Zuo,Zhe,m
Huang,Zhehuang,
Zhu,Zhemin,m
Wen,Zhen,m
Xiao,Zhen,m
Chen,Zhenbiao,
Lu,Zhengdong,
Zha,Zhengjun,
Gong,Zhengxian,
Chen,Zhengyan,
He,Zhengyan,
Liu,Zhengzhong,
Hua,Zhenhao,m
Tian,Zhenhua,m
Yan,Zhenxiang,m
Yang,Zhenxin,
Zhang,Zhenzhong,m
Hu,Zhichao,
Zheng,Zhicheng,
Chen,Zhigang,m
Wang,Zhigang,m
Wang,Zhiguo,m
Deng,Zhihong,m
Liu,Zhihua,
Zhang,Zhihua,m
Wu,Zhijun,m
Wu,Zhili,m
Zheng,Zhilin,m
Zhou,Zhimin,m
Jiang,Zhipeng,m
Shi,Zhiwei,m
Li,Zhixing,m
Teng,Zhiyang,m
Wang,Zhiyang,m
Liu,Zhiying,f
Peng,Zhiyong,m
Chen,Zhiyuan,m
Li,Zhongguo,
Qu,Zhonghua,m
Yu,Zhonghua,
Wang,Zhongqing,m
Zhai,Zhongwu,
Fu,Zhongyang,m
Jia,Zhongye,m
Wang,Zhongyu,m
Wei,Zhongyu,m
Yu,Zhou,f
Tiantian,Zhu,f
Zhu,Zhu,
Li,Zhuo,
Bao,Zhuowei,m
Liu,Ziqi,m
Wang,Ziqi,m
Cao,Ziqiang,m
Wang,Ziyuan,f
Ji,Zongcheng,
Ar,,u
Ft,,
Guilherme,,
Hong,,
Maria,,
Toni,,
,,364
,,30.62827225
,,0.6553079948